# distribution_name: SCS Type III,
# source_note: SCS-type III 24-hour cumulative distribution - generated from HEC-HMS 4.12,
fraction_time,fraction_cumulative_depth
0,0
0.003472222,0.000830033
0.006944444,0.001660066
0.010416667,0.0024901
0.013888889,0.003320133
0.017361111,0.004150166
0.020833333,0.004980199
0.024305556,0.005810232
0.027777778,0.006640266
0.03125,0.007470299
0.034722222,0.008300332
0.038194444,0.009130365
0.041666667,0.009960398
0.045138889,0.010790432
0.048611111,0.011630465
0.052083333,0.012460498
0.055555556,0.013290532
0.059027778,0.014130565
0.0625,0.014960598
0.065972222,0.015790632
0.069444444,0.016630665
0.072916667,0.017460698
0.076388889,0.018290732
0.079861111,0.019130765
0.083333333,0.019960798
0.086805556,0.020800832
0.090277778,0.021620865
0.09375,0.0225109
0.097222222,0.023400936
0.100694444,0.02424097
0.104166667,0.025161006
0.107638889,0.026081043
0.111111111,0.02699108
0.114583333,0.027911116
0.118055556,0.028821153
0.121527778,0.02976119
0.125,0.03076123
0.128472222,0.031671267
0.131944444,0.032651306
0.135416667,0.033661346
0.138888889,0.034661386
0.142361111,0.035661426
0.145833333,0.036661466
0.149305556,0.037651506
0.152777778,0.038731549
0.15625,0.03976159
0.159722222,0.040781631
0.163194444,0.041881675
0.166666667,0.042961718
0.170138889,0.044051762
0.173611111,0.045121805
0.177083333,0.04626185
0.180555556,0.047401896
0.184027778,0.04849194
0.1875,0.049661986
0.190972222,0.050832033
0.194444444,0.05199208
0.197916667,0.053162126
0.201388889,0.054332173
0.204861111,0.05549222
0.208333333,0.056662266
0.211805556,0.057912316
0.215277778,0.059162366
0.21875,0.060412416
0.222222222,0.061662466
0.225694444,0.062912517
0.229166667,0.064162567
0.232638889,0.065402616
0.236111111,0.066732669
0.239583333,0.068012721
0.243055556,0.069282771
0.246527778,0.070632825
0.25,0.071962879
0.253472222,0.073292932
0.256944444,0.074692988
0.260416667,0.076103044
0.263888889,0.077553102
0.267361111,0.079063163
0.270833333,0.080563223
0.274305556,0.082143286
0.277777778,0.083723349
0.28125,0.085353414
0.284722222,0.087023481
0.288194444,0.088703548
0.291666667,0.090463619
0.295138889,0.092203688
0.298611111,0.094023761
0.302083333,0.095853834
0.305555556,0.097723909
0.309027778,0.099643986
0.3125,0.101564063
0.315972222,0.103564143
0.319444444,0.105564223
0.322916667,0.107564303
0.326388889,0.109664387
0.329861111,0.111764471
0.333333333,0.113964559
0.336805556,0.116264651
0.340277778,0.118464739
0.34375,0.120764831
0.347222222,0.123264931
0.350694444,0.125765031
0.354166667,0.128365135
0.357638889,0.131065243
0.361111111,0.133865355
0.364583333,0.136665467
0.368055556,0.139665587
0.371527778,0.142665707
0.375,0.145765831
0.378472222,0.148965959
0.381944444,0.152166087
0.385416667,0.155466219
0.388888889,0.158866355
0.392361111,0.162366495
0.395833333,0.165866635
0.399305556,0.169566783
0.402777778,0.173266931
0.40625,0.177067083
0.409722222,0.180967239
0.413194444,0.184967399
0.416666667,0.188967559
0.420138889,0.193067723
0.423611111,0.197467899
0.427083333,0.201968079
0.430555556,0.206668267
0.434027778,0.211468459
0.4375,0.216468659
0.440972222,0.221568863
0.444444444,0.226969079
0.447916667,0.232469299
0.451388889,0.238169527
0.454861111,0.243969759
0.458333333,0.249969999
0.461805556,0.256370255
0.465277778,0.263370535
0.46875,0.271070843
0.472222222,0.279471179
0.475694444,0.288371535
0.479166667,0.297971919
0.482638889,0.311072443
0.486111111,0.329773191
0.489583333,0.355874235
0.493055556,0.384775391
0.496527778,0.427277091
0.5,0.499979999
0.503472222,0.572682907
0.506944444,0.615184607
0.510416667,0.644085763
0.513888889,0.670186807
0.517361111,0.688887556
0.520833333,0.70198808
0.524305556,0.711588464
0.527777778,0.72048882
0.53125,0.728889156
0.534722222,0.736589464
0.538194444,0.743589744
0.541666667,0.74999
0.545138889,0.75599024
0.548611111,0.761790472
0.552083333,0.7674907
0.555555556,0.77299092
0.559027778,0.778391136
0.5625,0.78349134
0.565972222,0.78849154
0.569444444,0.793291732
0.572916667,0.79799192
0.576388889,0.8024921
0.579861111,0.806892276
0.583333333,0.81099244
0.586805556,0.8149926
0.590277778,0.81899276
0.59375,0.822892916
0.597222222,0.826693068
0.600694444,0.830393216
0.604166667,0.834093364
0.607638889,0.837593504
0.611111111,0.841093644
0.614583333,0.84449378
0.618055556,0.847793912
0.621527778,0.851094044
0.625,0.854294172
0.628472222,0.857294292
0.631944444,0.860294412
0.635416667,0.863294532
0.638888889,0.866094644
0.642361111,0.868894756
0.645833333,0.871594864
0.649305556,0.874194968
0.652777778,0.876695068
0.65625,0.879195168
0.659722222,0.88149526
0.663194444,0.883695348
0.666666667,0.88599544
0.670138889,0.888195528
0.673611111,0.890295612
0.677083333,0.892395696
0.680555556,0.894395776
0.684027778,0.896395856
0.6875,0.898395936
0.690972222,0.900296012
0.694444444,0.902196088
0.697916667,0.904096164
0.701388889,0.905896236
0.704861111,0.907796312
0.708333333,0.90949638
0.711805556,0.911296452
0.715277778,0.912896516
0.71875,0.914596584
0.722222222,0.916196648
0.725694444,0.917796712
0.729166667,0.919396776
0.732638889,0.920896836
0.736111111,0.922396896
0.739583333,0.923896956
0.743055556,0.925297012
0.746527778,0.926697068
0.75,0.92799712
0.753472222,0.929297172
0.756944444,0.930697228
0.760416667,0.931897276
0.763888889,0.933197328
0.767361111,0.934597384
0.770833333,0.935797432
0.774305556,0.93699748
0.777777778,0.938297532
0.78125,0.939597584
0.784722222,0.940797632
0.788194444,0.942097684
0.791666667,0.943297732
0.795138889,0.94449778
0.798611111,0.945597824
0.802083333,0.946797872
0.805555556,0.94799792
0.809027778,0.949097964
0.8125,0.950298012
0.815972222,0.95149806
0.819444444,0.952598104
0.822916667,0.953698148
0.826388889,0.954798192
0.829861111,0.955898236
0.833333333,0.95699828
0.836805556,0.958098324
0.840277778,0.959198368
0.84375,0.960298412
0.847222222,0.961298452
0.850694444,0.962298492
0.854166667,0.963398536
0.857638889,0.964398576
0.861111111,0.965398616
0.864583333,0.966398656
0.868055556,0.967398696
0.871527778,0.968398736
0.875,0.969398776
0.878472222,0.970398816
0.881944444,0.971398856
0.885416667,0.972298892
0.888888889,0.973298932
0.892361111,0.974298972
0.895833333,0.975199008
0.899305556,0.976199048
0.902777778,0.977099084
0.90625,0.97799912
0.909722222,0.97899916
0.913194444,0.979899196
0.916666667,0.980799232
0.920138889,0.981599264
0.923611111,0.9824993
0.927083333,0.983399336
0.930555556,0.984299372
0.934027778,0.985199408
0.9375,0.98599944
0.940972222,0.986799472
0.944444444,0.987699508
0.947916667,0.98849954
0.951388889,0.989299572
0.954861111,0.990199608
0.958333333,0.990899636
0.961805556,0.991699668
0.965277778,0.9924997
0.96875,0.993299732
0.972222222,0.994099764
0.975694444,0.994799792
0.979166667,0.995599824
0.982638889,0.996399856
0.986111111,0.997099884
0.989583333,0.997899916
0.993055556,0.998599944
0.996527778,0.999199968
1,1
